"BROKEN","EPIC","FAILED","FEATURE","PASSED","SKIPPED","STORY","UNKNOWN"
"0","REST API","0","Postman: Store Locator","2","0","","0"
"0","Validation Pipelines","0","Pipeline Integration Tests","15","0","","0"
"0","REST API","0","Merchant API Tests","36","0","","0"
"0","REST API","0","Postman: Merchants","8","0","","0"
"0","Scoring & Data","0","Unit Tests","8","0","","0"
"0","REST API","0","Postman: Validation Runs","6","0","","0"
"0","Scoring & Data","0","Address Matcher + Master Dataset Unit Tests","13","0","","0"
"0","Storefront & Store Locator UI","0","Checkout Payment Method UI Tests","22","0","","0"
"0","REST API","0","Validation Runs API Tests","17","0","","0"
"0","REST API","0","Postman: Health","1","0","","0"
"0","Validation Pipelines","0","Master Dataset Validation — Integration Tests","25","0","","0"
"0","Storefront & Store Locator UI","0","Storefront + Cart UI Tests","12","0","","0"
"0","REST API","0","Store Locator API Tests","6","0","","0"
"0","Storefront & Store Locator UI","0","Store Locator UI Tests (profile-driven POM)","14","0","","0"
