record_id,merchant_name,brand,region,country_code,website_url,store_address,postal_code,amex_accepted,visa_accepted,mastercard_accepted,discover_accepted,paypal_accepted,apple_pay_accepted,google_pay_accepted,rupay_accepted,upi_accepted,paytm_accepted,validation_status,reason
R0001,Crust & Co Market Street,Crust & Co,US,US,https://us.crustandco.example,"1450 Market St, San Francisco, CA",94103,,,,,,,,,,,,
R0002,Crust & Co Embarcadero,Crust & Co,US,US,https://us.crustandco.example,"2 Embarcadero Ctr, San Francisco, CA",94111,,,,,,,,,,,,
R0003,Crust & Co Herald Square,Crust & Co,US,US,https://us.crustandco.example,"225 W. 34th St, New York, NY",10001,,,,,,,,,,,,
R0004,Crust & Co Congress Ave,Crust & Co,US,US,https://us.crustandco.example,"800 Congress Ave, Austin, TX",78701,,,,,,,,,,,,
R0005,Crust & Co Pine Street,Crust & Co,US,US,https://us.crustandco.example,"1200 Pine St, Seattle, WA",98101,,,,,,,,,,,,
R0006,Crust & Co Harbor Blvd,Crust & Co,US,US,https://us.crustandco.example,"999 Harbor Blvd, Long Beach, CA",90802,,,,,,,,,,,,
R0007,Crust & Co Oxford Street,Crust & Co,GB,GB,https://uk.crustandco.example,"10 Oxford St, London",W1D 1BS,,,,,,,,,,,,
R0008,Crust & Co Deansgate,Crust & Co,GB,GB,https://uk.crustandco.example,"45 Deansgate, Manchester",M3 2AY,,,,,,,,,,,,
R0009,Crust & Co Connaught Place,Crust & Co,IN,IN,https://in.crustandco.example,"A-12 Connaught Place, New Delhi",110001,,,,,,,,,,,,
R0010,Crust & Co MG Road,Crust & Co,IN,IN,https://in.crustandco.example,"44 M.G. Road, Bengaluru",560001,,,,,,,,,,,,
R0011,Crust & Co George Street,Crust & Co,AU,AU,https://au.crustandco.example,"300 George St, Sydney NSW",2000,,,,,,,,,,,,
R0012,Crust & Co Bourke Street,Crust & Co,AU,AU,https://au.crustandco.example,"200 Bourke St, Melbourne VIC",3000,,,,,,,,,,,,
R0013,Crust & Co Yonge Street,Crust & Co,CA,CA,https://ca.crustandco.example,"220 Yonge St, Toronto, ON",M5B 2H1,,,,,,,,,,,,
R0014,Crust & Co Queen Street,Crust & Co,NZ,NZ,https://nz.crustandco.example,"1 Queen St, Auckland",1010,,,,,,,,,,,,
R0015,DemoStore US,DemoStore,US,US,https://demo-store-us.myshopify.com,,,,,,,,,,,,,,
R0016,TechRetail UK,TechRetail,GB,GB,https://demo-techretail.co.uk,,,,,,,,,,,,,,
R0017,NipponMart JP,NipponMart,JP,JP,https://demo-nipponmart.jp,,,,,,,,,,,,,,
R0018,BrandHub US Flagship,BrandHub,US,US,https://demo-brandhub.us,"500 Fifth Avenue, New York, NY",10110,,,,,,,,,,,,
