"DESCRIPTION","DURATION IN MS","NAME","PARENT SUITE","START TIME","STATUS","STOP TIME","SUB SUITE","SUITE","TEST CLASS","TEST METHOD"
"TC_026","0","TC_026 · Allowlist: None allows all, empty allows none, exact hosts, ""*."" subdomains [allowlist2-https://shop.example/checkout-True]","Scoring & Data","2026-10-10","passed","2026-10-10","","Site Policy Unit Tests (live-run safeguards)","",""
"TC_302","4822","TC_302 · Slow checkout widget (4s): wallets/BNPL still detected [chromium]","Validation Pipelines","2026-10-10","passed","2026-10-10","","Pipeline Integration Tests","",""
"","22","Status inconsistent with score -> 422","REST API","2026-10-10","passed","2026-10-10","","Postman: Validation Runs","",""
"TC_024","0","TC_024 · get_summary counts statuses","Scoring & Data","2026-10-10","passed","2026-10-10","","Confidence Scorer Unit Tests","",""
"TC_015","1","TC_015 · Master dataset: duplicate record_id / missing column rejected [record_id,merchant_name,website_url,store_address,postal_code,amex_accepted,visa_accepted,validation_status\n-missing required column: reason]","Scoring & Data","2026-10-10","passed","2026-10-10","","Address Matcher + Master Dataset Unit Tests","",""
"TC_029","0","TC_029 · robots.txt HTTP handling: 401/403 and 5xx block, 404 allows, network error allows [503-True]","Scoring & Data","2026-10-10","passed","2026-10-10","","Site Policy Unit Tests (live-run safeguards)","",""
"TC_224","45","TC_224 · POST invalid payloads → 422 with field-level details [status-vs-score]","REST API","2026-10-10","passed","2026-10-10","","Validation Runs API Tests","",""
"TC_202","49","TC_202 · GET /merchants → 200, list schema, all 12 merchants","REST API","2026-10-10","passed","2026-10-10","","Merchant API Tests","",""
"TC_110","981","TC_110 · Checkout offers exactly the merchant's accepted methods (all 12 merchants) [chromium-M005]","Storefront & Store Locator UI","2026-10-10","passed","2026-10-10","","Checkout Payment Method UI Tests","",""
"TC_026","0","TC_026 · Allowlist: None allows all, empty allows none, exact hosts, ""*."" subdomains [allowlist3-https://www.shop.example/-False]","Scoring & Data","2026-10-10","passed","2026-10-10","","Site Policy Unit Tests (live-run safeguards)","",""
"TC_105","468","TC_105 · Quantity changes recalculate line total and subtotal [chromium]","Storefront & Store Locator UI","2026-10-10","passed","2026-10-10","","Storefront + Cart UI Tests","",""
"TC_021","0","TC_021 · Missing weights fall back to DEFAULT_WEIGHTS; unknown methods use defaults entirely","Scoring & Data","2026-10-10","passed","2026-10-10","","Confidence Scorer Unit Tests","",""
"TC_019","0","TC_019 · Exact threshold boundaries: 0.80 / 0.799 / 0.50 / 0.499 [0.499-AUTO_REJECT]","Scoring & Data","2026-10-10","passed","2026-10-10","","Confidence Scorer Unit Tests","",""
"TC_318 — M001 shows wallets only at checkout, which robots.txt forbids.","441","TC_318 · Site scan never requests a page robots.txt disallows (M001 checkout) [chromium]","Validation Pipelines","2026-10-10","passed","2026-10-10","","Master Dataset Validation — Integration Tests","",""
"TC_225","46","TC_225 · POST for unknown merchant → 404","REST API","2026-10-10","passed","2026-10-10","","Validation Runs API Tests","",""
"TC_011","0","TC_011 · Formatting differences still match (St./Street, M.G./MG, missing state) [10 Oxford St, London-10 Oxford Street, London W1D 1BS-W1D 1BS]","Scoring & Data","2026-10-10","passed","2026-10-10","","Address Matcher + Master Dataset Unit Tests","",""
"TC_110","979","TC_110 · Checkout offers exactly the merchant's accepted methods (all 12 merchants) [chromium-M011]","Storefront & Store Locator UI","2026-10-10","passed","2026-10-10","","Checkout Payment Method UI Tests","",""
"TC_101","206","TC_101 · Product prices render in the merchant's local currency [chromium-M008-HK$1,007.49]","Storefront & Store Locator UI","2026-10-10","passed","2026-10-10","","Storefront + Cart UI Tests","",""
"","16","Get run","REST API","2026-10-10","passed","2026-10-10","","Postman: Validation Runs","",""
"TC_031 — amex weights: all signals 1.0, network+img 0.7, text 0.2.","1","TC_031 · evaluate() counts TP / FP / FN / TN / REVIEW exactly and derives precision, recall, FPR","Scoring & Data","2026-10-10","passed","2026-10-10","","Detection Calibration Unit Tests","",""
"TC_126 — US footer shows Amex; the Embarcadero store does not take it.","857","TC_126 · Footer logos are brand-wide and differ from the store's own methods [chromium]","Storefront & Store Locator UI","2026-10-10","passed","2026-10-10","","Store Locator UI Tests (profile-driven POM)","",""
"TC_203","47","TC_203 · GET /merchants?region= filters, case-insensitive [US-expected_ids0]","REST API","2026-10-10","passed","2026-10-10","","Merchant API Tests","",""
"TC_301","823","TC_301 · Every merchant: accepted methods → AUTO_ACCEPT, all others → AUTO_REJECT [chromium-M003]","Validation Pipelines","2026-10-10","passed","2026-10-10","","Pipeline Integration Tests","",""
"TC_114","1048","TC_114 · Payment API failure shows an error and Retry recovers [chromium]","Storefront & Store Locator UI","2026-10-10","passed","2026-10-10","","Checkout Payment Method UI Tests","",""
"TC_036","37","TC_036 · CLI quality gate: exit 0 when the gate passes, 1 when it fails; report written [0.95-0]","Scoring & Data","2026-10-10","passed","2026-10-10","","Detection Calibration Unit Tests","",""
"TC_223","47","TC_223 · POST without X-API-Key → 401; wrong key → 403 [None-401-UNAUTHORIZED]","REST API","2026-10-10","passed","2026-10-10","","Validation Runs API Tests","",""
"","20","Pagination","REST API","2026-10-10","passed","2026-10-10","","Postman: Merchants","",""
"TC_206","44","TC_206 · GET /merchants/{id} → 200, schema, payload matches merchants.csv [M004]","REST API","2026-10-10","passed","2026-10-10","","Merchant API Tests","",""
"TC_026","0","TC_026 · Allowlist: None allows all, empty allows none, exact hosts, ""*."" subdomains [allowlist6-https://SHOP.example/-True]","Scoring & Data","2026-10-10","passed","2026-10-10","","Site Policy Unit Tests (live-run safeguards)","",""
"TC_301","830","TC_301 · Every merchant: accepted methods → AUTO_ACCEPT, all others → AUTO_REJECT [chromium-M009]","Validation Pipelines","2026-10-10","passed","2026-10-10","","Pipeline Integration Tests","",""
"","23","Filter by region","REST API","2026-10-10","passed","2026-10-10","","Postman: Merchants","",""
"TC_007 — write_full_report outputs CSV with correct columns.","1","TC_007 · Report writer — full CSV written with correct columns","Scoring & Data","2026-10-10","passed","2026-10-10","","Data Loading & Report Writer Unit Tests","",""
"TC_310","928","TC_310 · Every master-dataset record → expected status, reason and Yes/No values [chromium-R0009]","Validation Pipelines","2026-10-10","passed","2026-10-10","","Master Dataset Validation — Integration Tests","",""
"TC_127","151","TC_127 · Info pages (privacy, terms, contact, FAQ) reachable from the footer [chromium-Contact Us-Contact Us]","Storefront & Store Locator UI","2026-10-10","passed","2026-10-10","","Store Locator UI Tests (profile-driven POM)","",""
"TC_301","830","TC_301 · Every merchant: accepted methods → AUTO_ACCEPT, all others → AUTO_REJECT [chromium-M005]","Validation Pipelines","2026-10-10","passed","2026-10-10","","Pipeline Integration Tests","",""
"TC_233","45","TC_233 · Bot-protected region → 403","REST API","2026-10-10","passed","2026-10-10","","Store Locator API Tests","",""
"TC_110","998","TC_110 · Checkout offers exactly the merchant's accepted methods (all 12 merchants) [chromium-M006]","Storefront & Store Locator UI","2026-10-10","passed","2026-10-10","","Checkout Payment Method UI Tests","",""
"TC_101","197","TC_101 · Product prices render in the merchant's local currency [chromium-M002-\xa3101.91]","Storefront & Store Locator UI","2026-10-10","passed","2026-10-10","","Storefront + Cart UI Tests","",""
"TC_110","987","TC_110 · Checkout offers exactly the merchant's accepted methods (all 12 merchants) [chromium-M007]","Storefront & Store Locator UI","2026-10-10","passed","2026-10-10","","Checkout Payment Method UI Tests","",""
"","24","Score out of range -> 422","REST API","2026-10-10","passed","2026-10-10","","Postman: Validation Runs","",""
"TC_034","33","TC_034 · threshold_sweep(): raising AUTO_ACCEPT never increases recall","Scoring & Data","2026-10-10","passed","2026-10-10","","Detection Calibration Unit Tests","",""
"TC_203","46","TC_203 · GET /merchants?region= filters, case-insensitive [gb-expected_ids1]","REST API","2026-10-10","passed","2026-10-10","","Merchant API Tests","",""
"TC_110","986","TC_110 · Checkout offers exactly the merchant's accepted methods (all 12 merchants) [chromium-M008]","Storefront & Store Locator UI","2026-10-10","passed","2026-10-10","","Checkout Payment Method UI Tests","",""
"TC_003","0","TC_003 · Text only → 0.20 → AUTO_REJECT","Scoring & Data","2026-10-10","passed","2026-10-10","","Confidence Scorer Unit Tests","",""
"TC_208","44","TC_208 · GET /merchants/{id}/payment-methods matches ground truth (all merchants) [M011]","REST API","2026-10-10","passed","2026-10-10","","Merchant API Tests","",""
"TC_232","48","TC_232 · Missing / too-short q → 422 VALIDATION_ERROR [params1]","REST API","2026-10-10","passed","2026-10-10","","Store Locator API Tests","",""
"TC_301","830","TC_301 · Every merchant: accepted methods → AUTO_ACCEPT, all others → AUTO_REJECT [chromium-M006]","Validation Pipelines","2026-10-10","passed","2026-10-10","","Pipeline Integration Tests","",""
"TC_110","992","TC_110 · Checkout offers exactly the merchant's accepted methods (all 12 merchants) [chromium-M002]","Storefront & Store Locator UI","2026-10-10","passed","2026-10-10","","Checkout Payment Method UI Tests","",""
"","24","Invalid limit -> 422","REST API","2026-10-10","passed","2026-10-10","","Postman: Merchants","",""
"TC_026","0","TC_026 · Allowlist: None allows all, empty allows none, exact hosts, ""*."" subdomains [None-https://anything.example/x-True]","Scoring & Data","2026-10-10","passed","2026-10-10","","Site Policy Unit Tests (live-run safeguards)","",""
"TC_220","48","TC_220 · POST valid run → 201, schema, Location header, summary counts","REST API","2026-10-10","passed","2026-10-10","","Validation Runs API Tests","",""
"TC_125","853","TC_125 · Temporarily closed store shows a closed notice [chromium]","Storefront & Store Locator UI","2026-10-10","passed","2026-10-10","","Store Locator UI Tests (profile-driven POM)","",""
"TC_310","914","TC_310 · Every master-dataset record → expected status, reason and Yes/No values [chromium-R0003]","Validation Pipelines","2026-10-10","passed","2026-10-10","","Master Dataset Validation — Integration Tests","",""
"TC_208","46","TC_208 · GET /merchants/{id}/payment-methods matches ground truth (all merchants) [M001]","REST API","2026-10-10","passed","2026-10-10","","Merchant API Tests","",""
"TC_113 — widget takes 4s; a 2s fixed sleep would read an empty list.","4505","TC_113 · Slow payment widget (4s) — conditional waits, no fixed sleeps [chromium]","Storefront & Store Locator UI","2026-10-10","passed","2026-10-10","","Checkout Payment Method UI Tests","",""
"TC_004","0","TC_004 · Network only → exactly the method's network weight [paypal]","Scoring & Data","2026-10-10","passed","2026-10-10","","Confidence Scorer Unit Tests","",""
"TC_111","989","TC_111 · Amex is not offered where the merchant does not accept it [chromium-M011]","Storefront & Store Locator UI","2026-10-10","passed","2026-10-10","","Checkout Payment Method UI Tests","",""
"TC_208","45","TC_208 · GET /merchants/{id}/payment-methods matches ground truth (all merchants) [M004]","REST API","2026-10-10","passed","2026-10-10","","Merchant API Tests","",""
"TC_310","829","TC_310 · Every master-dataset record → expected status, reason and Yes/No values [chromium-R0016]","Validation Pipelines","2026-10-10","passed","2026-10-10","","Master Dataset Validation — Integration Tests","",""
"TC_224","45","TC_224 · POST invalid payloads → 422 with field-level details [unknown-status]","REST API","2026-10-10","passed","2026-10-10","","Validation Runs API Tests","",""
"TC_019","0","TC_019 · Exact threshold boundaries: 0.80 / 0.799 / 0.50 / 0.499 [0.8-AUTO_ACCEPT]","Scoring & Data","2026-10-10","passed","2026-10-10","","Confidence Scorer Unit Tests","",""
"TC_009","0","TC_009 · Rounded score decides the status (0.4 + 0.3 + 0.1 floats to 0.7999…) [fired0-0.8-AUTO_ACCEPT]","Scoring & Data","2026-10-10","passed","2026-10-10","","Confidence Scorer Unit Tests","",""
"","25","Unknown merchant -> 404","REST API","2026-10-10","passed","2026-10-10","","Postman: Merchants","",""
"TC_015","0","TC_015 · Master dataset: duplicate record_id / missing column rejected [record_id,merchant_name,website_url,store_address,postal_code,amex_accepted,visa_accepted,validation_status,reason\nR1,A,https://a.example,,,,,,\nR1,B,https://b.example,,,,,,\n-duplicate record_id]","Scoring & Data","2026-10-10","passed","2026-10-10","","Address Matcher + Master Dataset Unit Tests","",""
"TC_111","997","TC_111 · Amex is not offered where the merchant does not accept it [chromium-M009]","Storefront & Store Locator UI","2026-10-10","passed","2026-10-10","","Checkout Payment Method UI Tests","",""
"TC_120","804","TC_120 · Address + postcode search ranks the matching store first [chromium-in-MG Road Bengaluru 560001-44 MG Road, Bengaluru, Karnataka 560001]","Storefront & Store Locator UI","2026-10-10","passed","2026-10-10","","Store Locator UI Tests (profile-driven POM)","",""
"TC_301","943","TC_301 · Every merchant: accepted methods → AUTO_ACCEPT, all others → AUTO_REJECT [chromium-M012]","Validation Pipelines","2026-10-10","passed","2026-10-10","","Pipeline Integration Tests","",""
"TC_310","932","TC_310 · Every master-dataset record → expected status, reason and Yes/No values [chromium-R0008]","Validation Pipelines","2026-10-10","passed","2026-10-10","","Master Dataset Validation — Integration Tests","",""
"TC_127","160","TC_127 · Info pages (privacy, terms, contact, FAQ) reachable from the footer [chromium-Terms & Conditions-Terms & Conditions]","Storefront & Store Locator UI","2026-10-10","passed","2026-10-10","","Store Locator UI Tests (profile-driven POM)","",""
"TC_311 — US footer shows Amex; Embarcadero (R0002) doesn't take it.","897","TC_311 · Location scan is scoped: site-wide footer logos don't leak into a store [chromium]","Validation Pipelines","2026-10-10","passed","2026-10-10","","Master Dataset Validation — Integration Tests","",""
"TC_028","0","TC_028 · robots.txt rules are obeyed, including a group for our user agent","Scoring & Data","2026-10-10","passed","2026-10-10","","Site Policy Unit Tests (live-run safeguards)","",""
"TC_001","1","TC_001 · All signals → AUTO_ACCEPT","Scoring & Data","2026-10-10","passed","2026-10-10","","Confidence Scorer Unit Tests","",""
"TC_033","0","TC_033 · fit_weights(): non-negative, sums to 1.0, ranks discriminative signals higher, ignores useless ones","Scoring & Data","2026-10-10","passed","2026-10-10","","Detection Calibration Unit Tests","",""
"TC_205","45","TC_205 · GET /merchants invalid query params → 422 with field details [params2-offset]","REST API","2026-10-10","passed","2026-10-10","","Merchant API Tests","",""
"TC_301","814","TC_301 · Every merchant: accepted methods → AUTO_ACCEPT, all others → AUTO_REJECT [chromium-M007]","Validation Pipelines","2026-10-10","passed","2026-10-10","","Pipeline Integration Tests","",""
"TC_310","815","TC_310 · Every master-dataset record → expected status, reason and Yes/No values [chromium-R0017]","Validation Pipelines","2026-10-10","passed","2026-10-10","","Master Dataset Validation — Integration Tests","",""
"TC_032","0","TC_032 · signal_reliability() computes precision, recall and false-fire rate per signal","Scoring & Data","2026-10-10","passed","2026-10-10","","Detection Calibration Unit Tests","",""
"TC_025 — guards against a weight edit that lets one weak signal decide alone.","1","TC_025 · Shipped rules: no single signal can reach REVIEW; all signals always reach AUTO_ACCEPT [visa]","Scoring & Data","2026-10-10","passed","2026-10-10","","Confidence Scorer Unit Tests","",""
"TC_310","966","TC_310 · Every master-dataset record → expected status, reason and Yes/No values [chromium-R0010]","Validation Pipelines","2026-10-10","passed","2026-10-10","","Master Dataset Validation — Integration Tests","",""
"TC_104","211","TC_104 · Empty cart shows empty state and blocks checkout [chromium]","Storefront & Store Locator UI","2026-10-10","passed","2026-10-10","","Storefront + Cart UI Tests","",""
"TC_101","197","TC_101 · Product prices render in the merchant's local currency [chromium-M004-\xa519,221]","Storefront & Store Locator UI","2026-10-10","passed","2026-10-10","","Storefront + Cart UI Tests","",""
"TC_035","0","TC_035 · Reviewed review-queue rows become labels; undecided rows are skipped","Scoring & Data","2026-10-10","passed","2026-10-10","","Detection Calibration Unit Tests","",""
"TC_224","45","TC_224 · POST invalid payloads → 422 with field-level details [unknown-signal]","REST API","2026-10-10","passed","2026-10-10","","Validation Runs API Tests","",""
"TC_313","2843","TC_313 · Stale site profile (selectors no longer match) → LOCATOR_PAGE_CHANGED, not retried [chromium-store_content-[data-testid='restaurant-detail']]","Validation Pipelines","2026-10-10","passed","2026-10-10","","Master Dataset Validation — Integration Tests","",""
"TC_110","990","TC_110 · Checkout offers exactly the merchant's accepted methods (all 12 merchants) [chromium-M003]","Storefront & Store Locator UI","2026-10-10","passed","2026-10-10","","Checkout Payment Method UI Tests","",""
"TC_121","1205","TC_121 · Unknown area shows a no-results message [chromium]","Storefront & Store Locator UI","2026-10-10","passed","2026-10-10","","Store Locator UI Tests (profile-driven POM)","",""
"","624","Search stores","REST API","2026-10-10","passed","2026-10-10","","Postman: Store Locator","",""
"TC_310","989","TC_310 · Every master-dataset record → expected status, reason and Yes/No values [chromium-R0001]","Validation Pipelines","2026-10-10","passed","2026-10-10","","Master Dataset Validation — Integration Tests","",""
"TC_208","45","TC_208 · GET /merchants/{id}/payment-methods matches ground truth (all merchants) [M010]","REST API","2026-10-10","passed","2026-10-10","","Merchant API Tests","",""
"TC_230","648","TC_230 · GET /chain/{region}/stores?q= → 200, schema, ranked results","REST API","2026-10-10","passed","2026-10-10","","Store Locator API Tests","",""
"TC_224","45","TC_224 · POST invalid payloads → 422 with field-level details [duplicate-method]","REST API","2026-10-10","passed","2026-10-10","","Validation Runs API Tests","",""
"TC_209","45","TC_209 · GET /merchants/{id}/payment-methods?context=footer returns cards only","REST API","2026-10-10","passed","2026-10-10","","Merchant API Tests","",""
"TC_221 — M002 accepts Klarna but not Amex.","45","TC_221 · POST run → mismatches flag results that disagree with ground truth","REST API","2026-10-10","passed","2026-10-10","","Validation Runs API Tests","",""
"TC_234","45","TC_234 · Unknown region → 404 error envelope","REST API","2026-10-10","passed","2026-10-10","","Store Locator API Tests","",""
"TC_111","992","TC_111 · Amex is not offered where the merchant does not accept it [chromium-M003]","Storefront & Store Locator UI","2026-10-10","passed","2026-10-10","","Checkout Payment Method UI Tests","",""
"TC_103","197","TC_103 · Footer ""We accept"" shows only card brands the merchant accepts [chromium-M002]","Storefront & Store Locator UI","2026-10-10","passed","2026-10-10","","Storefront + Cart UI Tests","",""
"TC_025 — guards against a weight edit that lets one weak signal decide alone.","0","TC_025 · Shipped rules: no single signal can reach REVIEW; all signals always reach AUTO_ACCEPT [afterpay]","Scoring & Data","2026-10-10","passed","2026-10-10","","Confidence Scorer Unit Tests","",""
"TC_310","933","TC_310 · Every master-dataset record → expected status, reason and Yes/No values [chromium-R0011]","Validation Pipelines","2026-10-10","passed","2026-10-10","","Master Dataset Validation — Integration Tests","",""
"TC_027","0","TC_027 · Allowlist file parsing; the shipped allowlist is empty (safe by default)","Scoring & Data","2026-10-10","passed","2026-10-10","","Site Policy Unit Tests (live-run safeguards)","",""
"","85","Health check","REST API","2026-10-10","passed","2026-10-10","","Postman: Health","",""
"TC_205","45","TC_205 · GET /merchants invalid query params → 422 with field details [params3-region]","REST API","2026-10-10","passed","2026-10-10","","Merchant API Tests","",""
"TC_004","0","TC_004 · Network only → exactly the method's network weight [amex]","Scoring & Data","2026-10-10","passed","2026-10-10","","Confidence Scorer Unit Tests","",""
"TC_018","0","TC_018 · Resume retries transient failures; the newer result replaces the old row","Scoring & Data","2026-10-10","passed","2026-10-10","","Address Matcher + Master Dataset Unit Tests","",""
"TC_012","0","TC_012 · Different postal code or street number never matches [1450 Market St, San Francisco-1450 Market Street, San Francisco, CA 94103-94111]","Scoring & Data","2026-10-10","passed","2026-10-10","","Address Matcher + Master Dataset Unit Tests","",""
"TC_123","872","TC_123 · Store page shows its address and the payments accepted at that store [chromium-us-1450 Market Street 94103-US-1001]","Storefront & Store Locator UI","2026-10-10","passed","2026-10-10","","Store Locator UI Tests (profile-driven POM)","",""
"TC_009","0","TC_009 · Rounded score decides the status (0.4 + 0.3 + 0.1 floats to 0.7999…) [fired2-0.5-REVIEW]","Scoring & Data","2026-10-10","passed","2026-10-10","","Confidence Scorer Unit Tests","",""
"","25","Get merchant","REST API","2026-10-10","passed","2026-10-10","","Postman: Merchants","",""
"TC_310","839","TC_310 · Every master-dataset record → expected status, reason and Yes/No values [chromium-R0006]","Validation Pipelines","2026-10-10","passed","2026-10-10","","Master Dataset Validation — Integration Tests","",""
"TC_103","207","TC_103 · Footer ""We accept"" shows only card brands the merchant accepts [chromium-M008]","Storefront & Store Locator UI","2026-10-10","passed","2026-10-10","","Storefront + Cart UI Tests","",""
"TC_006 — All major payment methods defined in detection_rules.json.","0","TC_006 · Detection rules — all required methods present","Scoring & Data","2026-10-10","passed","2026-10-10","","Data Loading & Report Writer Unit Tests","",""
"TC_301","849","TC_301 · Every merchant: accepted methods → AUTO_ACCEPT, all others → AUTO_REJECT [chromium-M010]","Validation Pipelines","2026-10-10","passed","2026-10-10","","Pipeline Integration Tests","",""
"TC_313","2127","TC_313 · Stale site profile (selectors no longer match) → LOCATOR_PAGE_CHANGED, not retried [chromium-search_input-role=searchbox[name=""Search restaurants""]]","Validation Pipelines","2026-10-10","passed","2026-10-10","","Master Dataset Validation — Integration Tests","",""
"TC_231","648","TC_231 · Query that matches nothing → 200 with empty items","REST API","2026-10-10","passed","2026-10-10","","Store Locator API Tests","",""
"TC_017","1","TC_017 · Checkpoint writer supports resume and restores input order","Scoring & Data","2026-10-10","passed","2026-10-10","","Address Matcher + Master Dataset Unit Tests","",""
"TC_211","45","TC_211 · Unknown route → 404 NOT_FOUND in the standard error envelope","REST API","2026-10-10","passed","2026-10-10","","Merchant API Tests","",""
"TC_224","45","TC_224 · POST invalid payloads → 422 with field-level details [score-above-1]","REST API","2026-10-10","passed","2026-10-10","","Validation Runs API Tests","",""
"TC_206","45","TC_206 · GET /merchants/{id} → 200, schema, payload matches merchants.csv [M001]","REST API","2026-10-10","passed","2026-10-10","","Merchant API Tests","",""
"TC_115","1295","TC_115 · Continue is gated on email + selected method; review shows the method [chromium]","Storefront & Store Locator UI","2026-10-10","passed","2026-10-10","","Checkout Payment Method UI Tests","",""
"TC_208","45","TC_208 · GET /merchants/{id}/payment-methods matches ground truth (all merchants) [M002]","REST API","2026-10-10","passed","2026-10-10","","Merchant API Tests","",""
"TC_310","929","TC_310 · Every master-dataset record → expected status, reason and Yes/No values [chromium-R0007]","Validation Pipelines","2026-10-10","passed","2026-10-10","","Master Dataset Validation — Integration Tests","",""
"TC_004","0","TC_004 · Network only → exactly the method's network weight [upi]","Scoring & Data","2026-10-10","passed","2026-10-10","","Confidence Scorer Unit Tests","",""
"TC_029","0","TC_029 · robots.txt HTTP handling: 401/403 and 5xx block, 404 allows, network error allows [None-False]","Scoring & Data","2026-10-10","passed","2026-10-10","","Site Policy Unit Tests (live-run safeguards)","",""
"TC_301","816","TC_301 · Every merchant: accepted methods → AUTO_ACCEPT, all others → AUTO_REJECT [chromium-M004]","Validation Pipelines","2026-10-10","passed","2026-10-10","","Pipeline Integration Tests","",""
"TC_111","991","TC_111 · Amex is not offered where the merchant does not accept it [chromium-M002]","Storefront & Store Locator UI","2026-10-10","passed","2026-10-10","","Checkout Payment Method UI Tests","",""
"TC_310","105","TC_310 · Every master-dataset record → expected status, reason and Yes/No values [chromium-R0014]","Validation Pipelines","2026-10-10","passed","2026-10-10","","Master Dataset Validation — Integration Tests","",""
"TC_008 — Review queue CSV has only REVIEW-status rows.","0","TC_008 · Report writer — review queue contains only REVIEW rows","Scoring & Data","2026-10-10","passed","2026-10-10","","Data Loading & Report Writer Unit Tests","",""
"TC_101","198","TC_101 · Product prices render in the merchant's local currency [chromium-M001-$129.00]","Storefront & Store Locator UI","2026-10-10","passed","2026-10-10","","Storefront + Cart UI Tests","",""
"TC_110","1044","TC_110 · Checkout offers exactly the merchant's accepted methods (all 12 merchants) [chromium-M001]","Storefront & Store Locator UI","2026-10-10","passed","2026-10-10","","Checkout Payment Method UI Tests","",""
"TC_224","45","TC_224 · POST invalid payloads → 422 with field-level details [unknown-method]","REST API","2026-10-10","passed","2026-10-10","","Validation Runs API Tests","",""
"TC_002","0","TC_002 · No signals → score 0.0 → AUTO_REJECT","Scoring & Data","2026-10-10","passed","2026-10-10","","Confidence Scorer Unit Tests","",""
"TC_025 — guards against a weight edit that lets one weak signal decide alone.","1","TC_025 · Shipped rules: no single signal can reach REVIEW; all signals always reach AUTO_ACCEPT [google_pay]","Scoring & Data","2026-10-10","passed","2026-10-10","","Confidence Scorer Unit Tests","",""
"TC_205","44","TC_205 · GET /merchants invalid query params → 422 with field details [params0-limit]","REST API","2026-10-10","passed","2026-10-10","","Merchant API Tests","",""
"","24","Create run","REST API","2026-10-10","passed","2026-10-10","","Postman: Validation Runs","",""
"TC_127","174","TC_127 · Info pages (privacy, terms, contact, FAQ) reachable from the footer [chromium-FAQ-FAQ]","Storefront & Store Locator UI","2026-10-10","passed","2026-10-10","","Store Locator UI Tests (profile-driven POM)","",""
"TC_212","46","TC_212 · Unsupported method → 405 METHOD_NOT_ALLOWED with Allow header","REST API","2026-10-10","passed","2026-10-10","","Merchant API Tests","",""
"TC_025 — guards against a weight edit that lets one weak signal decide alone.","0","TC_025 · Shipped rules: no single signal can reach REVIEW; all signals always reach AUTO_ACCEPT [paytm]","Scoring & Data","2026-10-10","passed","2026-10-10","","Confidence Scorer Unit Tests","",""
"TC_025 — guards against a weight edit that lets one weak signal decide alone.","0","TC_025 · Shipped rules: no single signal can reach REVIEW; all signals always reach AUTO_ACCEPT [amex]","Scoring & Data","2026-10-10","passed","2026-10-10","","Confidence Scorer Unit Tests","",""
"TC_106","446","TC_106 · Decreasing quantity to zero removes the line [chromium]","Storefront & Store Locator UI","2026-10-10","passed","2026-10-10","","Storefront + Cart UI Tests","",""
"TC_016","0","TC_016 · fill_row maps statuses to Yes / No / Review and records evidence","Scoring & Data","2026-10-10","passed","2026-10-10","","Address Matcher + Master Dataset Unit Tests","",""
"TC_205","44","TC_205 · GET /merchants invalid query params → 422 with field details [params4-limit]","REST API","2026-10-10","passed","2026-10-10","","Merchant API Tests","",""
"TC_303","814","TC_303 · Scored results accepted by the validation-runs API with zero mismatches [chromium-M008]","Validation Pipelines","2026-10-10","passed","2026-10-10","","Pipeline Integration Tests","",""
"TC_224","45","TC_224 · POST invalid payloads → 422 with field-level details [empty-results]","REST API","2026-10-10","passed","2026-10-10","","Validation Runs API Tests","",""
"TC_301","868","TC_301 · Every merchant: accepted methods → AUTO_ACCEPT, all others → AUTO_REJECT [chromium-M011]","Validation Pipelines","2026-10-10","passed","2026-10-10","","Pipeline Integration Tests","",""
"TC_019","1","TC_019 · Exact threshold boundaries: 0.80 / 0.799 / 0.50 / 0.499 [0.0-AUTO_REJECT]","Scoring & Data","2026-10-10","passed","2026-10-10","","Confidence Scorer Unit Tests","",""
"TC_224","46","TC_224 · POST invalid payloads → 422 with field-level details [bad-merchant-id]","REST API","2026-10-10","passed","2026-10-10","","Validation Runs API Tests","",""
"TC_127","177","TC_127 · Info pages (privacy, terms, contact, FAQ) reachable from the footer [chromium-Privacy Policy-Privacy Policy]","Storefront & Store Locator UI","2026-10-10","passed","2026-10-10","","Store Locator UI Tests (profile-driven POM)","",""
"TC_203","45","TC_203 · GET /merchants?region= filters, case-insensitive [SG-expected_ids2]","REST API","2026-10-10","passed","2026-10-10","","Merchant API Tests","",""
"TC_224","45","TC_224 · POST invalid payloads → 422 with field-level details [detected-vs-status]","REST API","2026-10-10","passed","2026-10-10","","Validation Runs API Tests","",""
"TC_317","1699","TC_317 · robots.txt disallows one store page → DISALLOWED_BY_ROBOTS before it is opened [chromium]","Validation Pipelines","2026-10-10","passed","2026-10-10","","Master Dataset Validation — Integration Tests","",""
"TC_120","791","TC_120 · Address + postcode search ranks the matching store first [chromium-uk-Oxford Street London W1D 1BS-10 Oxford Street, London W1D 1BS]","Storefront & Store Locator UI","2026-10-10","passed","2026-10-10","","Store Locator UI Tests (profile-driven POM)","",""
"TC_315","5095","TC_315 · 503 maintenance page → SITE_UNREACHABLE, not mistaken for bot protection [chromium]","Validation Pipelines","2026-10-10","passed","2026-10-10","","Master Dataset Validation — Integration Tests","",""
"TC_102","337","TC_102 · Adding products updates the header cart badge [chromium]","Storefront & Store Locator UI","2026-10-10","passed","2026-10-10","","Storefront + Cart UI Tests","",""
"TC_013","1","TC_013 · best_match picks the right store among nearby candidates","Scoring & Data","2026-10-10","passed","2026-10-10","","Address Matcher + Master Dataset Unit Tests","",""
"TC_201","17","TC_201 · GET /health → 200, version, X-Request-ID echoed","REST API","2026-10-10","passed","2026-10-10","","Merchant API Tests","",""
"TC_009","0","TC_009 · Rounded score decides the status (0.4 + 0.3 + 0.1 floats to 0.7999…) [fired1-0.6-REVIEW]","Scoring & Data","2026-10-10","passed","2026-10-10","","Confidence Scorer Unit Tests","",""
"TC_011","0","TC_011 · Formatting differences still match (St./Street, M.G./MG, missing state) [44 M.G. Road, Bengaluru-44 MG Road, Bengaluru, Karnataka 560001-560001]","Scoring & Data","2026-10-10","passed","2026-10-10","","Address Matcher + Master Dataset Unit Tests","",""
"TC_025 — guards against a weight edit that lets one weak signal decide alone.","0","TC_025 · Shipped rules: no single signal can reach REVIEW; all signals always reach AUTO_ACCEPT [rupay]","Scoring & Data","2026-10-10","passed","2026-10-10","","Confidence Scorer Unit Tests","",""
"TC_014","0","TC_014 · Master dataset: method columns resolved; unknown method rejected","Scoring & Data","2026-10-10","passed","2026-10-10","","Address Matcher + Master Dataset Unit Tests","",""
"TC_208","45","TC_208 · GET /merchants/{id}/payment-methods matches ground truth (all merchants) [M005]","REST API","2026-10-10","passed","2026-10-10","","Merchant API Tests","",""
"TC_012","0","TC_012 · Different postal code or street number never matches [1460 Market St, San Francisco-1450 Market Street, San Francisco, CA 94103-94103]","Scoring & Data","2026-10-10","passed","2026-10-10","","Address Matcher + Master Dataset Unit Tests","",""
"TC_310","845","TC_310 · Every master-dataset record → expected status, reason and Yes/No values [chromium-R0015]","Validation Pipelines","2026-10-10","passed","2026-10-10","","Master Dataset Validation — Integration Tests","",""
"TC_313","2820","TC_313 · Stale site profile (selectors no longer match) → LOCATOR_PAGE_CHANGED, not retried [chromium-result_address-[data-testid='store-address-line']]","Validation Pipelines","2026-10-10","passed","2026-10-10","","Master Dataset Validation — Integration Tests","",""
"TC_208","45","TC_208 · GET /merchants/{id}/payment-methods matches ground truth (all merchants) [M003]","REST API","2026-10-10","passed","2026-10-10","","Merchant API Tests","",""
"TC_314","44","TC_314 · Store locator moved (HTTP 404) → LOCATOR_PAGE_CHANGED [chromium]","Validation Pipelines","2026-10-10","passed","2026-10-10","","Master Dataset Validation — Integration Tests","",""
"TC_226","47","TC_226 · GET unknown run → 404 RUN_NOT_FOUND","REST API","2026-10-10","passed","2026-10-10","","Validation Runs API Tests","",""
"TC_022","0","TC_022 · Thresholds come from the rules file, and an explicit argument overrides them","Scoring & Data","2026-10-10","passed","2026-10-10","","Confidence Scorer Unit Tests","",""
"TC_124","861","TC_124 · Store without published payment info has no payments section [chromium]","Storefront & Store Locator UI","2026-10-10","passed","2026-10-10","","Store Locator UI Tests (profile-driven POM)","",""
"TC_223","46","TC_223 · POST without X-API-Key → 401; wrong key → 403 [wrong-key-403-FORBIDDEN]","REST API","2026-10-10","passed","2026-10-10","","Validation Runs API Tests","",""
"TC_025 — guards against a weight edit that lets one weak signal decide alone.","0","TC_025 · Shipped rules: no single signal can reach REVIEW; all signals always reach AUTO_ACCEPT [mastercard]","Scoring & Data","2026-10-10","passed","2026-10-10","","Confidence Scorer Unit Tests","",""
"TC_026","0","TC_026 · Allowlist: None allows all, empty allows none, exact hosts, ""*."" subdomains [allowlist5-https://brand.example/-False]","Scoring & Data","2026-10-10","passed","2026-10-10","","Site Policy Unit Tests (live-run safeguards)","",""
"TC_303","845","TC_303 · Scored results accepted by the validation-runs API with zero mismatches [chromium-M002]","Validation Pipelines","2026-10-10","passed","2026-10-10","","Pipeline Integration Tests","",""
"TC_208","45","TC_208 · GET /merchants/{id}/payment-methods matches ground truth (all merchants) [M009]","REST API","2026-10-10","passed","2026-10-10","","Merchant API Tests","",""
"TC_019","0","TC_019 · Exact threshold boundaries: 0.80 / 0.799 / 0.50 / 0.499 [0.799-REVIEW]","Scoring & Data","2026-10-10","passed","2026-10-10","","Confidence Scorer Unit Tests","",""
"TC_208","44","TC_208 · GET /merchants/{id}/payment-methods matches ground truth (all merchants) [M012]","REST API","2026-10-10","passed","2026-10-10","","Merchant API Tests","",""
"TC_005 — merchants.csv loads and has expected columns.","0","TC_005 · CSV loader — merchants.csv loads correct count","Scoring & Data","2026-10-10","passed","2026-10-10","","Data Loading & Report Writer Unit Tests","",""
"TC_232","47","TC_232 · Missing / too-short q → 422 VALIDATION_ERROR [params0]","REST API","2026-10-10","passed","2026-10-10","","Store Locator API Tests","",""
"TC_025 — guards against a weight edit that lets one weak signal decide alone.","0","TC_025 · Shipped rules: no single signal can reach REVIEW; all signals always reach AUTO_ACCEPT [discover]","Scoring & Data","2026-10-10","passed","2026-10-10","","Confidence Scorer Unit Tests","",""
"TC_112","1014","TC_112 · Methods are grouped by type (card / wallet / bnpl) [chromium]","Storefront & Store Locator UI","2026-10-10","passed","2026-10-10","","Checkout Payment Method UI Tests","",""
"TC_011","1","TC_011 · Formatting differences still match (St./Street, M.G./MG, missing state) [1450 Market St, San Francisco, CA-1450 Market Street, San Francisco, CA 94103-94103]","Scoring & Data","2026-10-10","passed","2026-10-10","","Address Matcher + Master Dataset Unit Tests","",""
"TC_029","0","TC_029 · robots.txt HTTP handling: 401/403 and 5xx block, 404 allows, network error allows [404-False]","Scoring & Data","2026-10-10","passed","2026-10-10","","Site Policy Unit Tests (live-run safeguards)","",""
"TC_301","815","TC_301 · Every merchant: accepted methods → AUTO_ACCEPT, all others → AUTO_REJECT [chromium-M008]","Validation Pipelines","2026-10-10","passed","2026-10-10","","Pipeline Integration Tests","",""
"TC_210","45","TC_210 · GET /merchants/{id}/products → prices converted to merchant currency [M004-JPY-19221]","REST API","2026-10-10","passed","2026-10-10","","Merchant API Tests","",""
"TC_205","45","TC_205 · GET /merchants invalid query params → 422 with field details [params1-limit]","REST API","2026-10-10","passed","2026-10-10","","Merchant API Tests","",""
"TC_010","0","TC_010 · Abbreviations and punctuation normalise to the same tokens","Scoring & Data","2026-10-10","passed","2026-10-10","","Address Matcher + Master Dataset Unit Tests","",""
"TC_025 — guards against a weight edit that lets one weak signal decide alone.","0","TC_025 · Shipped rules: no single signal can reach REVIEW; all signals always reach AUTO_ACCEPT [jcb]","Scoring & Data","2026-10-10","passed","2026-10-10","","Confidence Scorer Unit Tests","",""
"TC_036","38","TC_036 · CLI quality gate: exit 0 when the gate passes, 1 when it fails; report written [0.99-1]","Scoring & Data","2026-10-10","passed","2026-10-10","","Detection Calibration Unit Tests","",""
"TC_123","877","TC_123 · Store page shows its address and the payments accepted at that store [chromium-in-Connaught Place 110001-IN-3001]","Storefront & Store Locator UI","2026-10-10","passed","2026-10-10","","Store Locator UI Tests (profile-driven POM)","",""
"","25","Payment methods","REST API","2026-10-10","passed","2026-10-10","","Postman: Merchants","",""
"","21","Query too short -> 422","REST API","2026-10-10","passed","2026-10-10","","Postman: Store Locator","",""
"TC_110","986","TC_110 · Checkout offers exactly the merchant's accepted methods (all 12 merchants) [chromium-M009]","Storefront & Store Locator UI","2026-10-10","passed","2026-10-10","","Checkout Payment Method UI Tests","",""
"TC_310","878","TC_310 · Every master-dataset record → expected status, reason and Yes/No values [chromium-R0005]","Validation Pipelines","2026-10-10","passed","2026-10-10","","Master Dataset Validation — Integration Tests","",""
"TC_310","895","TC_310 · Every master-dataset record → expected status, reason and Yes/No values [chromium-R0004]","Validation Pipelines","2026-10-10","passed","2026-10-10","","Master Dataset Validation — Integration Tests","",""
"TC_026","0","TC_026 · Allowlist: None allows all, empty allows none, exact hosts, ""*."" subdomains [allowlist1-https://shop.example/-False]","Scoring & Data","2026-10-10","passed","2026-10-10","","Site Policy Unit Tests (live-run safeguards)","",""
"TC_207","45","TC_207 · GET /merchants/{id} unknown → 404 MERCHANT_NOT_FOUND [/api/v1/merchants/M999/payment-methods]","REST API","2026-10-10","passed","2026-10-10","","Merchant API Tests","",""
"TC_030","0","TC_030 · robots.txt is fetched once per origin","Scoring & Data","2026-10-10","passed","2026-10-10","","Site Policy Unit Tests (live-run safeguards)","",""
"TC_310","895","TC_310 · Every master-dataset record → expected status, reason and Yes/No values [chromium-R0012]","Validation Pipelines","2026-10-10","passed","2026-10-10","","Master Dataset Validation — Integration Tests","",""
"","19","Products in local currency","REST API","2026-10-10","passed","2026-10-10","","Postman: Merchants","",""
"TC_312","3361","TC_312 · CLI run is resumable: a second run completes only the pending rows","Validation Pipelines","2026-10-10","passed","2026-10-10","","Master Dataset Validation — Integration Tests","",""
"TC_316","33","TC_316 · robots.txt disallows the store locator → DISALLOWED_BY_ROBOTS, page never requested [chromium]","Validation Pipelines","2026-10-10","passed","2026-10-10","","Master Dataset Validation — Integration Tests","",""
"TC_110","982","TC_110 · Checkout offers exactly the merchant's accepted methods (all 12 merchants) [chromium-M004]","Storefront & Store Locator UI","2026-10-10","passed","2026-10-10","","Checkout Payment Method UI Tests","",""
"TC_116","1035","TC_116 · Checkout with an empty cart cannot continue [chromium]","Storefront & Store Locator UI","2026-10-10","passed","2026-10-10","","Checkout Payment Method UI Tests","",""
"TC_310","831","TC_310 · Every master-dataset record → expected status, reason and Yes/No values [chromium-R0018]","Validation Pipelines","2026-10-10","passed","2026-10-10","","Master Dataset Validation — Integration Tests","",""
"TC_301","830","TC_301 · Every merchant: accepted methods → AUTO_ACCEPT, all others → AUTO_REJECT [chromium-M001]","Validation Pipelines","2026-10-10","passed","2026-10-10","","Pipeline Integration Tests","",""
"TC_110","982","TC_110 · Checkout offers exactly the merchant's accepted methods (all 12 merchants) [chromium-M012]","Storefront & Store Locator UI","2026-10-10","passed","2026-10-10","","Checkout Payment Method UI Tests","",""
"TC_023","0","TC_023 · signals lists only fired signals in a fixed order; detected only for AUTO_ACCEPT","Scoring & Data","2026-10-10","passed","2026-10-10","","Confidence Scorer Unit Tests","",""
"TC_026","0","TC_026 · Allowlist: None allows all, empty allows none, exact hosts, ""*."" subdomains [allowlist4-https://us.brand.example/stores-True]","Scoring & Data","2026-10-10","passed","2026-10-10","","Site Policy Unit Tests (live-run safeguards)","",""
"TC_029","0","TC_029 · robots.txt HTTP handling: 401/403 and 5xx block, 404 allows, network error allows [500-True]","Scoring & Data","2026-10-10","passed","2026-10-10","","Site Policy Unit Tests (live-run safeguards)","",""
"TC_025 — guards against a weight edit that lets one weak signal decide alone.","0","TC_025 · Shipped rules: no single signal can reach REVIEW; all signals always reach AUTO_ACCEPT [shop_pay]","Scoring & Data","2026-10-10","passed","2026-10-10","","Confidence Scorer Unit Tests","",""
"TC_011","0","TC_011 · Formatting differences still match (St./Street, M.G./MG, missing state) [10 Oxford St, London-10 Oxford Street, London W1D 1BS-w1d1bs]","Scoring & Data","2026-10-10","passed","2026-10-10","","Address Matcher + Master Dataset Unit Tests","",""
"TC_107","550","TC_107 · Cart persists across page reloads [chromium]","Storefront & Store Locator UI","2026-10-10","passed","2026-10-10","","Storefront + Cart UI Tests","",""
"TC_319","2355","TC_319 · Live allowlist: unlisted domains are NOT_ALLOWLISTED; CLI with an empty allowlist requests nothing [chromium]","Validation Pipelines","2026-10-10","passed","2026-10-10","","Master Dataset Validation — Integration Tests","",""
"TC_025 — guards against a weight edit that lets one weak signal decide alone.","0","TC_025 · Shipped rules: no single signal can reach REVIEW; all signals always reach AUTO_ACCEPT [paypal]","Scoring & Data","2026-10-10","passed","2026-10-10","","Confidence Scorer Unit Tests","",""
"TC_025 — guards against a weight edit that lets one weak signal decide alone.","1","TC_025 · Shipped rules: no single signal can reach REVIEW; all signals always reach AUTO_ACCEPT [klarna]","Scoring & Data","2026-10-10","passed","2026-10-10","","Confidence Scorer Unit Tests","",""
"TC_029","1","TC_029 · robots.txt HTTP handling: 401/403 and 5xx block, 404 allows, network error allows [403-True]","Scoring & Data","2026-10-10","passed","2026-10-10","","Site Policy Unit Tests (live-run safeguards)","",""
"TC_204","135","TC_204 · GET /merchants pagination (limit/offset) is stable and non-overlapping","REST API","2026-10-10","passed","2026-10-10","","Merchant API Tests","",""
"TC_103","211","TC_103 · Footer ""We accept"" shows only card brands the merchant accepts [chromium-M001]","Storefront & Store Locator UI","2026-10-10","passed","2026-10-10","","Storefront + Cart UI Tests","",""
"TC_222","92","TC_222 · GET run by Location → 200, identical payload","REST API","2026-10-10","passed","2026-10-10","","Validation Runs API Tests","",""
"TC_025 — guards against a weight edit that lets one weak signal decide alone.","0","TC_025 · Shipped rules: no single signal can reach REVIEW; all signals always reach AUTO_ACCEPT [apple_pay]","Scoring & Data","2026-10-10","passed","2026-10-10","","Confidence Scorer Unit Tests","",""
"TC_019","0","TC_019 · Exact threshold boundaries: 0.80 / 0.799 / 0.50 / 0.499 [0.5-REVIEW]","Scoring & Data","2026-10-10","passed","2026-10-10","","Confidence Scorer Unit Tests","",""
"TC_208","45","TC_208 · GET /merchants/{id}/payment-methods matches ground truth (all merchants) [M006]","REST API","2026-10-10","passed","2026-10-10","","Merchant API Tests","",""
"TC_208","46","TC_208 · GET /merchants/{id}/payment-methods matches ground truth (all merchants) [M008]","REST API","2026-10-10","passed","2026-10-10","","Merchant API Tests","",""
"TC_301","836","TC_301 · Every merchant: accepted methods → AUTO_ACCEPT, all others → AUTO_REJECT [chromium-M002]","Validation Pipelines","2026-10-10","passed","2026-10-10","","Pipeline Integration Tests","",""
"TC_207","45","TC_207 · GET /merchants/{id} unknown → 404 MERCHANT_NOT_FOUND [/api/v1/merchants/M999/products]","REST API","2026-10-10","passed","2026-10-10","","Merchant API Tests","",""
"TC_203","45","TC_203 · GET /merchants?region= filters, case-insensitive [BR-expected_ids3]","REST API","2026-10-10","passed","2026-10-10","","Merchant API Tests","",""
"","21","Wrong API key -> 403","REST API","2026-10-10","passed","2026-10-10","","Postman: Validation Runs","",""
"","23","Missing API key -> 401","REST API","2026-10-10","passed","2026-10-10","","Postman: Validation Runs","",""
"TC_206","45","TC_206 · GET /merchants/{id} → 200, schema, payload matches merchants.csv [M008]","REST API","2026-10-10","passed","2026-10-10","","Merchant API Tests","",""
"TC_025 — guards against a weight edit that lets one weak signal decide alone.","0","TC_025 · Shipped rules: no single signal can reach REVIEW; all signals always reach AUTO_ACCEPT [unionpay]","Scoring & Data","2026-10-10","passed","2026-10-10","","Confidence Scorer Unit Tests","",""
"TC_110","988","TC_110 · Checkout offers exactly the merchant's accepted methods (all 12 merchants) [chromium-M010]","Storefront & Store Locator UI","2026-10-10","passed","2026-10-10","","Checkout Payment Method UI Tests","",""
"TC_210","45","TC_210 · GET /merchants/{id}/products → prices converted to merchant currency [M002-GBP-101.91]","REST API","2026-10-10","passed","2026-10-10","","Merchant API Tests","",""
"TC_025 — guards against a weight edit that lets one weak signal decide alone.","0","TC_025 · Shipped rules: no single signal can reach REVIEW; all signals always reach AUTO_ACCEPT [upi]","Scoring & Data","2026-10-10","passed","2026-10-10","","Confidence Scorer Unit Tests","",""
"TC_310","896","TC_310 · Every master-dataset record → expected status, reason and Yes/No values [chromium-R0002]","Validation Pipelines","2026-10-10","passed","2026-10-10","","Master Dataset Validation — Integration Tests","",""
"TC_029","0","TC_029 · robots.txt HTTP handling: 401/403 and 5xx block, 404 allows, network error allows [410-False]","Scoring & Data","2026-10-10","passed","2026-10-10","","Site Policy Unit Tests (live-run safeguards)","",""
"","54","List merchants","REST API","2026-10-10","passed","2026-10-10","","Postman: Merchants","",""
"TC_120","807","TC_120 · Address + postcode search ranks the matching store first [chromium-us-1450 Market St, San Francisco 94103-1450 Market Street, San Francisco, CA 94103]","Storefront & Store Locator UI","2026-10-10","passed","2026-10-10","","Store Locator UI Tests (profile-driven POM)","",""
"TC_207","45","TC_207 · GET /merchants/{id} unknown → 404 MERCHANT_NOT_FOUND [/api/v1/merchants/M999]","REST API","2026-10-10","passed","2026-10-10","","Merchant API Tests","",""
"TC_208","44","TC_208 · GET /merchants/{id}/payment-methods matches ground truth (all merchants) [M007]","REST API","2026-10-10","passed","2026-10-10","","Merchant API Tests","",""
"TC_210","46","TC_210 · GET /merchants/{id}/products → prices converted to merchant currency [M001-USD-129.0]","REST API","2026-10-10","passed","2026-10-10","","Merchant API Tests","",""
"TC_029","0","TC_029 · robots.txt HTTP handling: 401/403 and 5xx block, 404 allows, network error allows [401-True]","Scoring & Data","2026-10-10","passed","2026-10-10","","Site Policy Unit Tests (live-run safeguards)","",""
"TC_020","0","TC_020 · Score is capped at 1.0","Scoring & Data","2026-10-10","passed","2026-10-10","","Confidence Scorer Unit Tests","",""
"TC_111","991","TC_111 · Amex is not offered where the merchant does not accept it [chromium-M005]","Storefront & Store Locator UI","2026-10-10","passed","2026-10-10","","Checkout Payment Method UI Tests","",""
"TC_224","45","TC_224 · POST invalid payloads → 422 with field-level details [missing-merchant]","REST API","2026-10-10","passed","2026-10-10","","Validation Runs API Tests","",""
"TC_310","93","TC_310 · Every master-dataset record → expected status, reason and Yes/No values [chromium-R0013]","Validation Pipelines","2026-10-10","passed","2026-10-10","","Master Dataset Validation — Integration Tests","",""
"TC_122 — search API answers after ~600 ms.","786","TC_122 · Async search: busy state is awaited, never a fixed delay [chromium]","Storefront & Store Locator UI","2026-10-10","passed","2026-10-10","","Store Locator UI Tests (profile-driven POM)","",""
