method,network,img,alt,text,css_class,accepted,source
amex,1,1,1,1,1,1,synthetic:checkout-icon-full
visa,1,1,1,1,1,1,synthetic:checkout-icon-full
mastercard,1,1,1,1,1,1,synthetic:checkout-icon-full
paypal,1,1,1,1,1,1,synthetic:checkout-icon-full
apple_pay,1,1,1,1,1,1,synthetic:checkout-icon-full
google_pay,1,1,1,1,1,1,synthetic:checkout-icon-full
discover,1,1,1,1,1,1,synthetic:checkout-icon-full
klarna,1,1,1,1,1,1,synthetic:checkout-icon-full
upi,1,1,1,1,1,1,synthetic:checkout-icon-full
rupay,1,1,1,1,1,1,synthetic:checkout-icon-full
amex,1,1,1,1,1,1,synthetic:checkout-icon-full
visa,1,1,1,1,1,1,synthetic:checkout-icon-full
mastercard,1,1,1,1,1,1,synthetic:checkout-icon-full
paypal,1,1,1,1,1,1,synthetic:checkout-icon-full
apple_pay,1,1,1,1,1,1,synthetic:checkout-icon-full
google_pay,1,1,1,1,1,1,synthetic:checkout-icon-full
discover,1,1,1,1,1,1,synthetic:checkout-icon-full
klarna,1,1,1,1,1,1,synthetic:checkout-icon-full
upi,1,1,1,1,1,1,synthetic:checkout-icon-full
rupay,1,1,1,1,1,1,synthetic:checkout-icon-full
amex,1,1,1,1,1,1,synthetic:checkout-icon-full
visa,1,1,1,1,1,1,synthetic:checkout-icon-full
mastercard,1,1,1,1,1,1,synthetic:checkout-icon-full
paypal,1,1,1,1,1,1,synthetic:checkout-icon-full
apple_pay,1,1,1,1,1,1,synthetic:checkout-icon-full
google_pay,1,1,1,1,1,1,synthetic:checkout-icon-full
discover,1,1,1,1,1,1,synthetic:checkout-icon-full
klarna,1,1,1,1,1,1,synthetic:checkout-icon-full
upi,1,1,1,1,1,1,synthetic:checkout-icon-full
rupay,1,1,1,1,1,1,synthetic:checkout-icon-full
amex,1,1,1,1,1,1,synthetic:checkout-icon-full
visa,1,1,1,1,1,1,synthetic:checkout-icon-full
mastercard,1,1,1,1,1,1,synthetic:checkout-icon-full
paypal,1,1,1,1,1,1,synthetic:checkout-icon-full
apple_pay,1,1,1,1,1,1,synthetic:checkout-icon-full
google_pay,1,1,1,1,1,1,synthetic:checkout-icon-full
discover,1,1,1,1,1,1,synthetic:checkout-icon-full
klarna,1,1,1,1,1,1,synthetic:checkout-icon-full
upi,1,1,1,1,1,1,synthetic:checkout-icon-full
rupay,1,1,1,1,1,1,synthetic:checkout-icon-full
amex,1,1,1,0,0,1,synthetic:icon-with-alt-no-css
visa,1,1,1,0,0,1,synthetic:icon-with-alt-no-css
mastercard,1,1,1,0,0,1,synthetic:icon-with-alt-no-css
paypal,1,1,1,0,0,1,synthetic:icon-with-alt-no-css
apple_pay,1,1,1,0,0,1,synthetic:icon-with-alt-no-css
google_pay,1,1,1,0,0,1,synthetic:icon-with-alt-no-css
discover,1,1,1,0,0,1,synthetic:icon-with-alt-no-css
klarna,1,1,1,0,0,1,synthetic:icon-with-alt-no-css
upi,1,1,1,0,0,1,synthetic:icon-with-alt-no-css
rupay,1,1,1,0,0,1,synthetic:icon-with-alt-no-css
amex,1,1,0,0,1,1,synthetic:icon-no-alt
visa,1,1,0,0,1,1,synthetic:icon-no-alt
mastercard,1,1,0,0,1,1,synthetic:icon-no-alt
paypal,1,1,0,0,1,1,synthetic:icon-no-alt
apple_pay,1,1,0,0,1,1,synthetic:icon-no-alt
google_pay,1,1,0,0,1,1,synthetic:icon-no-alt
discover,1,1,0,0,1,1,synthetic:icon-no-alt
klarna,1,1,0,0,1,1,synthetic:icon-no-alt
upi,1,1,0,0,1,1,synthetic:icon-no-alt
rupay,1,1,0,0,1,1,synthetic:icon-no-alt
amex,1,1,0,0,1,1,synthetic:icon-no-alt
visa,1,1,0,0,1,1,synthetic:icon-no-alt
mastercard,1,1,0,0,1,1,synthetic:icon-no-alt
paypal,1,1,0,0,1,1,synthetic:icon-no-alt
apple_pay,1,1,0,0,1,1,synthetic:icon-no-alt
google_pay,1,1,0,0,1,1,synthetic:icon-no-alt
discover,1,1,0,0,1,1,synthetic:icon-no-alt
klarna,1,1,0,0,1,1,synthetic:icon-no-alt
upi,1,1,0,0,1,1,synthetic:icon-no-alt
rupay,1,1,0,0,1,1,synthetic:icon-no-alt
amex,0,1,1,1,1,1,synthetic:cached-icon-no-request
visa,0,1,1,1,1,1,synthetic:cached-icon-no-request
mastercard,0,1,1,1,1,1,synthetic:cached-icon-no-request
paypal,0,1,1,1,1,1,synthetic:cached-icon-no-request
apple_pay,0,1,1,1,1,1,synthetic:cached-icon-no-request
google_pay,0,1,1,1,1,1,synthetic:cached-icon-no-request
discover,0,1,1,1,1,1,synthetic:cached-icon-no-request
klarna,0,1,1,1,1,1,synthetic:cached-icon-no-request
upi,0,1,1,1,1,1,synthetic:cached-icon-no-request
rupay,0,1,1,1,1,1,synthetic:cached-icon-no-request
amex,0,1,1,1,1,1,synthetic:cached-icon-no-request
visa,0,1,1,1,1,1,synthetic:cached-icon-no-request
mastercard,1,0,0,0,1,1,synthetic:css-background-logo
paypal,1,0,0,0,1,1,synthetic:css-background-logo
apple_pay,1,0,0,0,1,1,synthetic:css-background-logo
google_pay,1,0,0,0,1,1,synthetic:css-background-logo
discover,1,0,0,0,1,1,synthetic:css-background-logo
klarna,1,0,0,0,1,1,synthetic:css-background-logo
upi,0,0,0,1,0,1,synthetic:text-statement-only
rupay,0,0,0,1,0,1,synthetic:text-statement-only
amex,0,0,0,1,0,1,synthetic:text-statement-only
visa,0,0,0,1,0,1,synthetic:text-statement-only
mastercard,0,0,0,1,0,1,synthetic:text-statement-only
paypal,0,0,0,1,0,1,synthetic:text-statement-only
apple_pay,0,0,0,1,0,1,synthetic:text-statement-only
google_pay,0,0,0,1,0,1,synthetic:text-statement-only
discover,0,0,0,0,0,0,synthetic:no-evidence
klarna,0,0,0,0,0,0,synthetic:no-evidence
upi,0,0,0,0,0,0,synthetic:no-evidence
rupay,0,0,0,0,0,0,synthetic:no-evidence
amex,0,0,0,0,0,0,synthetic:no-evidence
visa,0,0,0,0,0,0,synthetic:no-evidence
mastercard,0,0,0,0,0,0,synthetic:no-evidence
paypal,0,0,0,0,0,0,synthetic:no-evidence
apple_pay,0,0,0,0,0,0,synthetic:no-evidence
google_pay,0,0,0,0,0,0,synthetic:no-evidence
discover,0,0,0,0,0,0,synthetic:no-evidence
klarna,0,0,0,0,0,0,synthetic:no-evidence
upi,0,0,0,0,0,0,synthetic:no-evidence
rupay,0,0,0,0,0,0,synthetic:no-evidence
amex,0,0,0,0,0,0,synthetic:no-evidence
visa,0,0,0,0,0,0,synthetic:no-evidence
mastercard,0,0,0,0,0,0,synthetic:no-evidence
paypal,0,0,0,0,0,0,synthetic:no-evidence
apple_pay,0,0,0,0,0,0,synthetic:no-evidence
google_pay,0,0,0,0,0,0,synthetic:no-evidence
discover,0,0,0,0,0,0,synthetic:no-evidence
klarna,0,0,0,0,0,0,synthetic:no-evidence
upi,0,0,0,0,0,0,synthetic:no-evidence
rupay,0,0,0,0,0,0,synthetic:no-evidence
amex,0,0,0,0,0,0,synthetic:no-evidence
visa,0,0,0,0,0,0,synthetic:no-evidence
mastercard,0,0,0,0,0,0,synthetic:no-evidence
paypal,0,0,0,0,0,0,synthetic:no-evidence
apple_pay,0,0,0,0,0,0,synthetic:no-evidence
google_pay,0,0,0,0,0,0,synthetic:no-evidence
discover,0,0,0,0,0,0,synthetic:no-evidence
klarna,0,0,0,0,0,0,synthetic:no-evidence
upi,0,0,0,0,0,0,synthetic:no-evidence
rupay,0,0,0,0,0,0,synthetic:no-evidence
amex,0,0,0,0,0,0,synthetic:no-evidence
visa,0,0,0,0,0,0,synthetic:no-evidence
mastercard,0,0,0,0,0,0,synthetic:no-evidence
paypal,0,0,0,0,0,0,synthetic:no-evidence
apple_pay,0,0,0,0,0,0,synthetic:no-evidence
google_pay,0,0,0,0,0,0,synthetic:no-evidence
discover,0,0,0,1,0,0,synthetic:blog-or-news-mention
klarna,0,0,0,1,0,0,synthetic:blog-or-news-mention
upi,0,0,0,1,0,0,synthetic:blog-or-news-mention
rupay,0,0,0,1,0,0,synthetic:blog-or-news-mention
amex,0,0,0,1,0,0,synthetic:blog-or-news-mention
visa,0,0,0,1,0,0,synthetic:blog-or-news-mention
mastercard,0,0,0,1,0,0,synthetic:blog-or-news-mention
paypal,0,0,0,1,0,0,synthetic:blog-or-news-mention
apple_pay,0,0,0,1,0,0,synthetic:blog-or-news-mention
google_pay,0,0,0,1,0,0,synthetic:blog-or-news-mention
discover,0,0,0,1,0,0,synthetic:blog-or-news-mention
klarna,0,0,0,1,0,0,synthetic:blog-or-news-mention
upi,0,0,0,1,0,0,synthetic:blog-or-news-mention
rupay,0,0,0,1,0,0,synthetic:blog-or-news-mention
amex,0,0,0,1,0,0,synthetic:blog-or-news-mention
visa,0,0,0,1,0,0,synthetic:blog-or-news-mention
mastercard,0,0,0,1,0,0,synthetic:blog-or-news-mention
paypal,0,0,0,1,0,0,synthetic:blog-or-news-mention
apple_pay,0,0,0,1,0,0,synthetic:blog-or-news-mention
google_pay,0,0,0,1,0,0,synthetic:blog-or-news-mention
discover,0,0,0,1,0,0,synthetic:blog-or-news-mention
klarna,0,0,0,1,0,0,synthetic:blog-or-news-mention
upi,0,0,0,1,0,0,synthetic:blog-or-news-mention
rupay,0,0,0,1,0,0,synthetic:blog-or-news-mention
amex,0,0,0,1,0,0,synthetic:blog-or-news-mention
visa,0,0,0,0,1,0,synthetic:leftover-css-class
mastercard,0,0,0,0,1,0,synthetic:leftover-css-class
paypal,0,0,0,0,1,0,synthetic:leftover-css-class
apple_pay,0,0,0,0,1,0,synthetic:leftover-css-class
google_pay,0,0,0,0,1,0,synthetic:leftover-css-class
discover,0,0,0,0,1,0,synthetic:leftover-css-class
klarna,0,0,0,0,1,0,synthetic:leftover-css-class
upi,0,0,0,0,1,0,synthetic:leftover-css-class
rupay,0,0,0,0,1,0,synthetic:leftover-css-class
amex,0,0,0,0,1,0,synthetic:leftover-css-class
visa,1,0,0,0,0,0,synthetic:third-party-script-request
mastercard,1,0,0,0,0,0,synthetic:third-party-script-request
paypal,1,0,0,0,0,0,synthetic:third-party-script-request
apple_pay,1,0,0,0,0,0,synthetic:third-party-script-request
google_pay,1,0,0,0,0,0,synthetic:third-party-script-request
discover,1,0,0,0,0,0,synthetic:third-party-script-request
klarna,1,0,0,0,0,0,synthetic:third-party-script-request
upi,1,0,0,0,0,0,synthetic:third-party-script-request
rupay,1,0,0,0,0,0,synthetic:third-party-script-request
amex,1,0,0,0,0,0,synthetic:third-party-script-request
visa,0,1,1,1,0,0,synthetic:promo-banner-coming-soon
mastercard,0,1,1,1,0,0,synthetic:promo-banner-coming-soon
paypal,0,1,1,1,0,0,synthetic:promo-banner-coming-soon
apple_pay,0,1,1,1,0,0,synthetic:promo-banner-coming-soon
google_pay,0,1,1,1,0,0,synthetic:promo-banner-coming-soon
discover,0,1,1,1,0,0,synthetic:promo-banner-coming-soon
klarna,0,1,1,1,0,0,synthetic:promo-banner-coming-soon
upi,0,1,1,1,0,0,synthetic:promo-banner-coming-soon
rupay,1,1,0,0,0,0,synthetic:sponsor-logo-strip
amex,1,1,0,0,0,0,synthetic:sponsor-logo-strip
visa,1,1,0,0,0,0,synthetic:sponsor-logo-strip
mastercard,1,1,0,0,0,0,synthetic:sponsor-logo-strip
paypal,1,1,0,0,0,0,synthetic:sponsor-logo-strip
apple_pay,1,1,0,0,0,0,synthetic:sponsor-logo-strip
google_pay,1,1,1,0,1,0,synthetic:brand-footer-logo-unscoped
discover,1,1,1,0,1,0,synthetic:brand-footer-logo-unscoped
